modelo,cv_accuracy_mean,cv_accuracy_std,cv_precision_mean,cv_precision_std,cv_recall_mean,cv_recall_std,cv_f1_mean,cv_f1_std,test_accuracy,test_precision,test_recall,test_f1,cv_accuracy,cv_precision,cv_recall,cv_f1
KNN (k=5),0.9640893966282166,0.007159755967003594,0.9672955955453073,0.006328946885669976,0.9654191295052603,0.006924037633720485,0.9658094277138192,0.006908553044410582,0.8802171700033933,0.8896991889132972,0.874630630627672,0.8766075990140537,0.9641 ± 0.0072,0.9673 ± 0.0063,0.9654 ± 0.0069,0.9658 ± 0.0069
"SVM (RBF, C=10)",0.9888459405501331,0.005402028081018671,0.9894899394682642,0.005071245544018884,0.9897466162240587,0.004944405221893107,0.9895689767336812,0.00505890998873082,0.9548693586698337,0.9558833238594397,0.9530898383337371,0.9539526068493674,0.9888 ± 0.0054,0.9895 ± 0.0051,0.9897 ± 0.0049,0.9896 ± 0.0051
"MLP (400,200)",0.9808213176574977,0.005591125452384002,0.9822339329121291,0.005091485890378589,0.9821042323349702,0.005232409677190967,0.981986105880913,0.005222458527085151,0.9419748897183576,0.9464515996709606,0.9398353530158973,0.9414300299697236,0.9808 ± 0.0056,0.9822 ± 0.0051,0.9821 ± 0.0052,0.9820 ± 0.0052
KNN (k=5) + LDA,0.9858540372670808,0.0038582069920727858,0.9870103686723197,0.003637012044524895,0.9869584707889961,0.0035370141267896597,0.986934074829807,0.0035699980578889285,0.9643705463182898,0.9668225345077474,0.9642359518244192,0.9648722092138445,0.9859 ± 0.0039,0.9870 ± 0.0036,0.9870 ± 0.0035,0.9869 ± 0.0036
"SVM (RBF, C=10) + LDA",0.986534124519373,0.004611998042687897,0.9876460701128984,0.004313887163164458,0.987630127117388,0.0042238863304921125,0.9875639032195801,0.004275610112297933,0.9619952494061758,0.964235057170157,0.9616525129329839,0.9623795021081282,0.9865 ± 0.0046,0.9876 ± 0.0043,0.9876 ± 0.0042,0.9876 ± 0.0043
"MLP (10,5) + LDA",0.9812296657793553,0.005046499141229646,0.9828688320051022,0.004624418354480802,0.9826490382886387,0.004550964323471946,0.9826396507973814,0.00460753242670493,0.9664065151001018,0.9675933752272332,0.9661974934407475,0.9666484745338256,0.9812 ± 0.0050,0.9829 ± 0.0046,0.9826 ± 0.0046,0.9826 ± 0.0046
